movieId,title,genres,imdbId,tmdbId,avg_rating,rating_count,year,clean_title,genres_list
318,"Shawshank Redemption, The (1994)",Crime|Drama,tt00111161,278,4.429022082018927,317,1994,"Shawshank Redemption, The",Crime|Drama
858,"Godfather, The (1972)",Crime|Drama,tt00068646,238,4.2890625,192,1972,"Godfather, The",Crime|Drama
2959,Fight Club (1999),Action|Crime|Drama|Thriller,tt00137523,550,4.272935779816514,218,1999,Fight Club,Action|Crime|Drama|Thriller
1276,Cool Hand Luke (1967),Drama,tt00061512,903,4.271929824561403,57,1967,Cool Hand Luke,Drama
750,Dr. Strangelove or: How I Learned to Stop Worrying and Love the Bomb (1964),Comedy|War,tt00057012,935,4.268041237113402,97,1964,Dr. Strangelove or: How I Learned to Stop Worrying and Love the Bomb,Comedy|War
904,Rear Window (1954),Mystery|Thriller,tt00047396,567,4.261904761904762,84,1954,Rear Window,Mystery|Thriller
1221,"Godfather: Part II, The (1974)",Crime|Drama,tt00071562,240,4.25968992248062,129,1974,"Godfather: Part II, The",Crime|Drama
48516,"Departed, The (2006)",Crime|Drama|Thriller,tt00407887,1422,4.252336448598131,107,2006,"Departed, The",Crime|Drama|Thriller
1213,Goodfellas (1990),Crime|Drama,tt00099685,769,4.25,126,1990,Goodfellas,Crime|Drama
912,Casablanca (1942),Drama|Romance,tt00034583,289,4.24,100,1942,Casablanca,Drama|Romance
58559,"Dark Knight, The (2008)",Action|Crime|Drama|IMAX,tt00468569,155,4.238255033557047,149,2008,"Dark Knight, The",Action|Crime|Drama|IMAX
50,"Usual Suspects, The (1995)",Crime|Mystery|Thriller,tt00114814,629,4.237745098039215,204,1995,"Usual Suspects, The",Crime|Mystery|Thriller
1197,"Princess Bride, The (1987)",Action|Adventure|Comedy|Fantasy|Romance,tt00093779,2493,4.232394366197183,142,1987,"Princess Bride, The",Action|Adventure|Comedy|Fantasy|Romance
260,Star Wars: Episode IV - A New Hope (1977),Action|Adventure|Sci-Fi,tt00076759,11,4.231075697211155,251,1977,Star Wars: Episode IV - A New Hope,Action|Adventure|Sci-Fi
527,Schindler's List (1993),Drama|War,tt00108052,424,4.225,220,1993,Schindler's List,Drama|War
1208,Apocalypse Now (1979),Action|Drama|War,tt00078788,28,4.219626168224299,107,1979,Apocalypse Now,Action|Drama|War
2329,American History X (1998),Crime|Drama,tt00120586,73,4.217054263565892,129,1998,American History X,Crime|Drama
1196,Star Wars: Episode V - The Empire Strikes Back (1980),Action|Adventure|Sci-Fi,tt00080684,1891,4.2156398104265405,211,1980,Star Wars: Episode V - The Empire Strikes Back,Action|Adventure|Sci-Fi
1252,Chinatown (1974),Crime|Film-Noir|Mystery|Thriller,tt00071315,829,4.211864406779661,59,1974,Chinatown,Crime|Film-Noir|Mystery|Thriller
1198,Raiders of the Lost Ark (Indiana Jones and the Raiders of the Lost Ark) (1981),Action|Adventure,tt00082971,85,4.2075,200,1981,Raiders of the Lost Ark (Indiana Jones and the Raiders of the Lost Ark),Action|Adventure
1193,One Flew Over the Cuckoo's Nest (1975),Drama,tt00073486,510,4.203007518796992,133,1975,One Flew Over the Cuckoo's Nest,Drama
1089,Reservoir Dogs (1992),Crime|Mystery|Thriller,tt00105236,500,4.202290076335878,131,1992,Reservoir Dogs,Crime|Mystery|Thriller
296,Pulp Fiction (1994),Comedy|Crime|Drama|Thriller,tt00110912,680,4.197068403908795,307,1994,Pulp Fiction,Comedy|Crime|Drama|Thriller
2571,"Matrix, The (1999)",Action|Sci-Fi|Thriller,tt00133093,603,4.192446043165468,278,1999,"Matrix, The",Action|Sci-Fi|Thriller
2019,Seven Samurai (Shichinin no samurai) (1954),Action|Adventure|Drama,tt00047478,346,4.1875,48,1954,Seven Samurai (Shichinin no samurai),Action|Adventure|Drama
1225,Amadeus (1984),Drama,tt00086879,279,4.184210526315789,76,1984,Amadeus,Drama
908,North by Northwest (1959),Action|Adventure|Mystery|Romance|Thriller,tt00053125,213,4.184210526315789,57,1959,North by Northwest,Action|Adventure|Mystery|Romance|Thriller
4973,"Amelie (Fabuleux destin d'Amélie Poulain, Le) (2001)",Comedy|Romance,tt00211915,194,4.183333333333334,120,2001,"Amelie (Fabuleux destin d'Amélie Poulain, Le)",Comedy|Romance
1199,Brazil (1985),Fantasy|Sci-Fi,tt00088846,68,4.177966101694915,59,1985,Brazil,Fantasy|Sci-Fi
356,Forrest Gump (1994),Comedy|Drama|Romance|War,tt00109830,13,4.164133738601824,329,1994,Forrest Gump,Comedy|Drama|Romance|War
1136,Monty Python and the Holy Grail (1975),Adventure|Comedy|Fantasy,tt00071853,762,4.161764705882353,136,1975,Monty Python and the Holy Grail,Adventure|Comedy|Fantasy
593,"Silence of the Lambs, The (1991)",Crime|Horror|Thriller,tt00102926,274,4.161290322580645,279,1991,"Silence of the Lambs, The",Crime|Horror|Thriller
7361,Eternal Sunshine of the Spotless Mind (2004),Drama|Romance|Sci-Fi,tt00338013,38,4.1603053435114505,131,2004,Eternal Sunshine of the Spotless Mind,Drama|Romance|Sci-Fi
4011,Snatch (2000),Comedy|Crime|Thriller,tt00208092,107,4.155913978494624,93,2000,Snatch,Comedy|Crime|Thriller
5618,Spirited Away (Sen to Chihiro no kamikakushi) (2001),Adventure|Animation|Fantasy,tt00245429,129,4.155172413793103,87,2001,Spirited Away (Sen to Chihiro no kamikakushi),Adventure|Animation|Fantasy
1203,12 Angry Men (1957),Drama,tt00050083,389,4.149122807017544,57,1957,12 Angry Men,Drama
3147,"Green Mile, The (1999)",Crime|Drama,tt00120689,497,4.148648648648648,111,1999,"Green Mile, The",Crime|Drama
2324,Life Is Beautiful (La Vita è bella) (1997),Comedy|Drama|Romance|War,tt00118799,637,4.1477272727272725,88,1997,Life Is Beautiful (La Vita è bella),Comedy|Drama|Romance|War
6016,City of God (Cidade de Deus) (2002),Action|Adventure|Crime|Drama|Thriller,tt00317248,598,4.1466666666666665,75,2002,City of God (Cidade de Deus),Action|Adventure|Crime|Drama|Thriller
2028,Saving Private Ryan (1998),Action|Drama|War,tt00120815,857,4.1462765957446805,188,1998,Saving Private Ryan,Action|Drama|War
1201,"Good, the Bad and the Ugly, The (Buono, il brutto, il cattivo, Il) (1966)",Action|Adventure|Western,tt00060196,429,4.145833333333333,72,1966,"Good, the Bad and the Ugly, The (Buono, il brutto, il cattivo, Il)",Action|Adventure|Western
1210,Star Wars: Episode VI - Return of the Jedi (1983),Action|Adventure|Sci-Fi,tt00086190,1892,4.137755102040816,196,1983,Star Wars: Episode VI - Return of the Jedi,Action|Adventure|Sci-Fi
68157,Inglourious Basterds (2009),Action|Drama|War,tt00361748,16869,4.136363636363637,88,2009,Inglourious Basterds,Action|Drama|War
4226,Memento (2000),Mystery|Thriller,tt00209144,77,4.122641509433962,159,2000,Memento,Mystery|Thriller
1207,To Kill a Mockingbird (1962),Drama,tt00056592,595,4.120689655172414,58,1962,To Kill a Mockingbird,Drama
7153,"Lord of the Rings: The Return of the King, The (2003)",Action|Adventure|Drama|Fantasy,tt00167260,122,4.118918918918919,185,2003,"Lord of the Rings: The Return of the King, The",Action|Adventure|Drama|Fantasy
608,Fargo (1996),Comedy|Crime|Drama|Thriller,tt00116282,275,4.116022099447513,181,1996,Fargo,Comedy|Crime|Drama|Thriller
78499,Toy Story 3 (2010),Adventure|Animation|Children|Comedy|Fantasy|IMAX,tt00435761,10193,4.109090909090909,55,2010,Toy Story 3,Adventure|Animation|Children|Comedy|Fantasy|IMAX
4993,"Lord of the Rings: The Fellowship of the Ring, The (2001)",Adventure|Fantasy,tt00120737,120,4.106060606060606,198,2001,"Lord of the Rings: The Fellowship of the Ring, The",Adventure|Fantasy
111,Taxi Driver (1976),Crime|Drama|Thriller,tt00075314,103,4.105769230769231,104,1976,Taxi Driver,Crime|Drama|Thriller
541,Blade Runner (1982),Action|Sci-Fi|Thriller,tt00083658,78,4.100806451612903,124,1982,Blade Runner,Action|Sci-Fi|Thriller
1222,Full Metal Jacket (1987),Drama|War,tt00093058,600,4.098039215686274,102,1987,Full Metal Jacket,Drama|War
2502,Office Space (1999),Comedy|Crime,tt00151804,1542,4.090425531914893,94,1999,Office Space,Comedy|Crime
1258,"Shining, The (1980)",Horror,tt00081505,694,4.08256880733945,109,1980,"Shining, The",Horror
1704,Good Will Hunting (1997),Drama|Romance,tt00119217,489,4.078014184397163,141,1997,Good Will Hunting,Drama|Romance
899,Singin' in the Rain (1952),Comedy|Musical|Romance,tt00045152,872,4.074468085106383,47,1952,Singin' in the Rain,Comedy|Musical|Romance
79132,Inception (2010),Action|Crime|Drama|Mystery|Sci-Fi|Thriller|IMAX,tt01375666,27205,4.066433566433567,143,2010,Inception,Action|Crime|Drama|Mystery|Sci-Fi|Thriller|IMAX
1247,"Graduate, The (1967)",Comedy|Drama|Romance,tt00061722,37247,4.063291139240507,79,1967,"Graduate, The",Comedy|Drama|Romance
1617,L.A. Confidential (1997),Crime|Film-Noir|Mystery|Thriller,tt00119488,2118,4.061855670103093,97,1997,L.A. Confidential,Crime|Film-Noir|Mystery|Thriller
60069,WALL·E (2008),Adventure|Animation|Children|Romance|Sci-Fi,tt00910970,10681,4.0576923076923075,104,2008,WALL·E,Adventure|Animation|Children|Romance|Sci-Fi
2858,American Beauty (1999),Drama|Romance,tt00169547,14,4.056372549019608,204,1999,American Beauty,Drama|Romance
2542,"Lock, Stock & Two Smoking Barrels (1998)",Comedy|Crime|Thriller,tt00120735,100,4.052238805970149,67,1998,"Lock, Stock & Two Smoking Barrels",Comedy|Crime|Thriller
112852,Guardians of the Galaxy (2014),Action|Adventure|Sci-Fi,tt02015381,118340,4.0508474576271185,59,2014,Guardians of the Galaxy,Action|Adventure|Sci-Fi
1291,Indiana Jones and the Last Crusade (1989),Action|Adventure,tt00097576,89,4.046428571428572,140,1989,Indiana Jones and the Last Crusade,Action|Adventure
923,Citizen Kane (1941),Drama|Mystery,tt00033467,15,4.043478260869565,69,1941,Citizen Kane,Drama|Mystery
81845,"King's Speech, The (2010)",Drama,tt01504320,45269,4.043103448275862,58,2010,"King's Speech, The",Drama
778,Trainspotting (1996),Comedy|Crime|Drama,tt00117951,627,4.03921568627451,102,1996,Trainspotting,Comedy|Crime|Drama
1215,Army of Darkness (1993),Action|Adventure|Comedy|Fantasy|Horror,tt00106308,766,4.03921568627451,51,1993,Army of Darkness,Action|Adventure|Comedy|Fantasy|Horror
1270,Back to the Future (1985),Adventure|Comedy|Sci-Fi,tt00088763,105,4.038011695906433,171,1985,Back to the Future,Adventure|Comedy|Sci-Fi
1219,Psycho (1960),Crime|Horror,tt00054215,539,4.036144578313253,83,1960,Psycho,Crime|Horror
1148,Wallace & Gromit: The Wrong Trousers (1993),Animation|Children|Comedy|Crime,tt00108598,531,4.035714285714286,56,1993,Wallace & Gromit: The Wrong Trousers,Animation|Children|Comedy|Crime
953,It's a Wonderful Life (1946),Children|Drama|Fantasy|Romance,tt00038650,1585,4.0344827586206895,58,1946,It's a Wonderful Life,Children|Drama|Fantasy|Romance
6711,Lost in Translation (2003),Comedy|Drama|Romance,tt00335266,153,4.033783783783784,74,2003,Lost in Translation,Comedy|Drama|Romance
110,Braveheart (1995),Action|Drama|War,tt00112573,197,4.031645569620253,237,1995,Braveheart,Action|Drama|War
903,Vertigo (1958),Drama|Mystery|Romance|Thriller,tt00052357,426,4.025,60,1958,Vertigo,Drama|Mystery|Romance|Thriller
74458,Shutter Island (2010),Drama|Mystery|Thriller,tt01130884,11324,4.022388059701493,67,2010,Shutter Island,Drama|Mystery|Thriller
5952,"Lord of the Rings: The Two Towers, The (2002)",Adventure|Fantasy,tt00167261,121,4.0212765957446805,188,2002,"Lord of the Rings: The Two Towers, The",Adventure|Fantasy
116797,The Imitation Game (2014),Drama|Thriller|War,tt02084970,205596,4.02,50,2014,The Imitation Game,Drama|Thriller|War
293,Léon: The Professional (a.k.a. The Professional) (Léon) (1994),Action|Crime|Drama|Thriller,tt00110413,101,4.018796992481203,133,1994,Léon: The Professional (a.k.a. The Professional) (Léon),Action|Crime|Drama|Thriller
1288,This Is Spinal Tap (1984),Comedy,tt00088258,11031,4.015151515151516,66,1984,This Is Spinal Tap,Comedy
910,Some Like It Hot (1959),Comedy|Crime,tt00053291,239,4.01,50,1959,Some Like It Hot,Comedy|Crime
8874,Shaun of the Dead (2004),Comedy|Horror,tt00365748,747,4.0064935064935066,77,2004,Shaun of the Dead,Comedy|Horror
48780,"Prestige, The (2006)",Drama|Mystery|Sci-Fi|Thriller,tt00482571,1124,4.0055555555555555,90,2006,"Prestige, The",Drama|Mystery|Sci-Fi|Thriller
1259,Stand by Me (1986),Adventure|Drama,tt00092005,235,4.0054945054945055,91,1986,Stand by Me,Adventure|Drama
1387,Jaws (1975),Action|Horror,tt00073195,578,4.0054945054945055,91,1975,Jaws,Action|Horror
68954,Up (2009),Adventure|Animation|Children|Drama,tt01049413,14160,4.004761904761905,105,2009,Up,Adventure|Animation|Children|Drama
4995,"Beautiful Mind, A (2001)",Drama|Romance,tt00268978,453,4.0,123,2001,"Beautiful Mind, A",Drama|Romance
2692,Run Lola Run (Lola rennt) (1998),Action|Crime,tt00130827,104,4.0,75,1998,Run Lola Run (Lola rennt),Action|Crime
51255,Hot Fuzz (2007),Action|Comedy|Crime|Mystery,tt00425112,4638,4.0,61,2007,Hot Fuzz,Action|Comedy|Crime|Mystery
134130,The Martian (2015),Adventure|Drama|Sci-Fi,tt03659388,286217,4.0,48,2015,The Martian,Adventure|Drama|Sci-Fi
1206,"Clockwork Orange, A (1971)",Crime|Drama|Sci-Fi|Thriller,tt00066921,185,3.995833333333333,120,1971,"Clockwork Orange, A",Crime|Drama|Sci-Fi|Thriller
91529,"Dark Knight Rises, The (2012)",Action|Adventure|Crime|IMAX,tt01345836,49026,3.9934210526315788,76,2012,"Dark Knight Rises, The",Action|Adventure|Crime|IMAX
109487,Interstellar (2014),Sci-Fi|IMAX,tt00816692,157336,3.993150684931507,73,2014,Interstellar,Sci-Fi|IMAX
1278,Young Frankenstein (1974),Comedy|Fantasy,tt00072431,3034,3.9927536231884058,69,1974,Young Frankenstein,Comedy|Fantasy
457,"Fugitive, The (1993)",Thriller,tt00106977,5503,3.9921052631578946,190,1993,"Fugitive, The",Thriller
1394,Raising Arizona (1987),Comedy,tt00093822,378,3.9913793103448274,58,1987,Raising Arizona,Comedy
81834,Harry Potter and the Deathly Hallows: Part 1 (2010),Action|Adventure|Fantasy|IMAX,tt00926084,12444,3.9893617021276597,47,2010,Harry Potter and the Deathly Hallows: Part 1,Action|Adventure|Fantasy|IMAX
1090,Platoon (1986),Drama|War,tt00091763,792,3.984126984126984,63,1986,Platoon,Drama|War
32,Twelve Monkeys (a.k.a. 12 Monkeys) (1995),Mystery|Sci-Fi|Thriller,tt00114746,63,3.983050847457627,177,1995,Twelve Monkeys (a.k.a. 12 Monkeys),Mystery|Sci-Fi|Thriller
4878,Donnie Darko (2001),Drama|Mystery|Sci-Fi|Thriller,tt00246578,141,3.981651376146789,109,2001,Donnie Darko,Drama|Mystery|Sci-Fi|Thriller
1234,"Sting, The (1973)",Comedy|Crime,tt00070735,9277,3.9765625,64,1973,"Sting, The",Comedy|Crime
47,Seven (a.k.a. Se7en) (1995),Mystery|Thriller,tt00114369,807,3.9753694581280787,203,1995,Seven (a.k.a. Se7en),Mystery|Thriller
6502,28 Days Later (2002),Action|Horror|Sci-Fi,tt00289043,170,3.9741379310344827,58,2002,28 Days Later,Action|Horror|Sci-Fi
2804,"Christmas Story, A (1983)",Children|Comedy,tt00085334,850,3.9727272727272727,55,1983,"Christmas Story, A",Children|Comedy
589,Terminator 2: Judgment Day (1991),Action|Sci-Fi,tt00103064,280,3.970982142857143,224,1991,Terminator 2: Judgment Day,Action|Sci-Fi
1214,Alien (1979),Horror|Sci-Fi,tt00078748,348,3.969178082191781,146,1979,Alien,Horror|Sci-Fi
1884,Fear and Loathing in Las Vegas (1998),Adventure|Comedy|Drama,tt00120669,1878,3.967391304347826,46,1998,Fear and Loathing in Las Vegas,Adventure|Comedy|Drama
1200,Aliens (1986),Action|Adventure|Horror|Sci-Fi,tt00090605,679,3.9642857142857144,126,1986,Aliens,Action|Adventure|Horror|Sci-Fi
6874,Kill Bill: Vol. 1 (2003),Action|Crime|Thriller,tt00266697,24,3.9618320610687023,131,2003,Kill Bill: Vol. 1,Action|Crime|Thriller
6377,Finding Nemo (2003),Adventure|Animation|Children|Comedy,tt00266543,12,3.9609929078014185,141,2003,Finding Nemo,Adventure|Animation|Children|Comedy
1246,Dead Poets Society (1989),Drama,tt00097165,207,3.9593023255813953,86,1989,Dead Poets Society,Drama
3000,Princess Mononoke (Mononoke-hime) (1997),Action|Adventure|Animation|Drama|Fantasy,tt00119698,128,3.9583333333333335,48,1997,Princess Mononoke (Mononoke-hime),Action|Adventure|Animation|Drama|Fantasy
2997,Being John Malkovich (1999),Comedy|Drama|Fantasy,tt00120601,492,3.9545454545454546,99,1999,Being John Malkovich,Comedy|Drama|Fantasy
1653,Gattaca (1997),Drama|Sci-Fi|Thriller,tt00119177,782,3.953488372093023,86,1997,Gattaca,Drama|Sci-Fi|Thriller
6,Heat (1995),Action|Crime|Thriller,tt00113277,949,3.946078431372549,102,1995,Heat,Action|Crime|Thriller
2076,Blue Velvet (1986),Drama|Mystery|Thriller,tt00090756,793,3.9456521739130435,46,1986,Blue Velvet,Drama|Mystery|Thriller
48774,Children of Men (2006),Action|Adventure|Drama|Sci-Fi|Thriller,tt00206634,9693,3.9453125,64,2006,Children of Men,Action|Adventure|Drama|Sci-Fi|Thriller
49272,Casino Royale (2006),Action|Adventure|Thriller,tt00381061,36557,3.9444444444444446,81,2006,Casino Royale,Action|Adventure|Thriller
1265,Groundhog Day (1993),Comedy|Fantasy|Romance,tt00107048,137,3.944055944055944,143,1993,Groundhog Day,Comedy|Fantasy|Romance
99114,Django Unchained (2012),Action|Drama|Western,tt01853728,68718,3.943661971830986,71,2012,Django Unchained,Action|Drama|Western
1304,Butch Cassidy and the Sundance Kid (1969),Action|Western,tt00064115,642,3.943548387096774,62,1969,Butch Cassidy and the Sundance Kid,Action|Western
76093,How to Train Your Dragon (2010),Adventure|Animation|Children|Fantasy|IMAX,tt00892769,10191,3.943396226415094,53,2010,How to Train Your Dragon,Adventure|Animation|Children|Fantasy|IMAX
364,"Lion King, The (1994)",Adventure|Animation|Children|Drama|Musical|IMAX,tt00110357,8587,3.941860465116279,172,1994,"Lion King, The",Adventure|Animation|Children|Drama|Musical|IMAX
34405,Serenity (2005),Action|Adventure|Sci-Fi,tt00379786,16320,3.94,50,2005,Serenity,Action|Adventure|Sci-Fi
2194,"Untouchables, The (1987)",Action|Crime|Drama,tt00094226,117,3.9384615384615387,65,1987,"Untouchables, The",Action|Crime|Drama
3578,Gladiator (2000),Action|Adventure|Drama,tt00172495,98,3.9382352941176473,170,2000,Gladiator,Action|Adventure|Drama
1035,"Sound of Music, The (1965)",Musical|Romance,tt00059742,15121,3.9375,64,1965,"Sound of Music, The",Musical|Romance
3671,Blazing Saddles (1974),Comedy|Western,tt00071230,11072,3.935483870967742,62,1974,Blazing Saddles,Comedy|Western
4262,Scarface (1983),Action|Crime|Drama,tt00086250,111,3.9328358208955225,67,1983,Scarface,Action|Crime|Drama
1080,Monty Python's Life of Brian (1979),Comedy,tt00079470,583,3.9269662921348316,89,1979,Monty Python's Life of Brian,Comedy
16,Casino (1995),Crime|Drama,tt00112641,524,3.926829268292683,82,1995,Casino,Crime|Drama
1732,"Big Lebowski, The (1998)",Comedy|Crime,tt00118715,115,3.9245283018867925,106,1998,"Big Lebowski, The",Comedy|Crime
1079,"Fish Called Wanda, A (1988)",Comedy|Crime,tt00095159,623,3.9225352112676055,71,1988,"Fish Called Wanda, A",Comedy|Crime
3949,Requiem for a Dream (2000),Drama,tt00180093,641,3.921875,96,2000,Requiem for a Dream,Drama
5989,Catch Me If You Can (2002),Crime|Drama,tt00264464,640,3.9217391304347826,115,2002,Catch Me If You Can,Crime|Drama
1,Toy Story (1995),Adventure|Animation|Children|Comedy|Fantasy,tt00114709,862,3.9209302325581397,215,1995,Toy Story,Adventure|Animation|Children|Comedy|Fantasy
106782,"Wolf of Wall Street, The (2013)",Comedy|Crime|Drama,tt00993846,106646,3.9166666666666665,54,2013,"Wolf of Wall Street, The",Comedy|Crime|Drama
8368,Harry Potter and the Prisoner of Azkaban (2004),Adventure|Fantasy|IMAX,tt00304141,673,3.913978494623656,93,2004,Harry Potter and the Prisoner of Azkaban,Adventure|Fantasy|IMAX
88125,Harry Potter and the Deathly Hallows: Part 2 (2011),Action|Adventure|Drama|Fantasy|Mystery|IMAX,tt01201607,12445,3.91,50,2011,Harry Potter and the Deathly Hallows: Part 2,Action|Adventure|Drama|Fantasy|Mystery|IMAX
7143,"Last Samurai, The (2003)",Action|Adventure|Drama|War,tt00325710,616,3.903225806451613,62,2003,"Last Samurai, The",Action|Adventure|Drama|War
4034,Traffic (2000),Crime|Drama|Thriller,tt00181865,1900,3.9,70,2000,Traffic,Crime|Drama|Thriller
55820,No Country for Old Men (2007),Crime|Drama,tt00477348,6977,3.8984375,64,2007,No Country for Old Men,Crime|Drama
1240,"Terminator, The (1984)",Action|Sci-Fi|Thriller,tt00088247,218,3.8969465648854964,131,1984,"Terminator, The",Action|Sci-Fi|Thriller
745,Wallace & Gromit: A Close Shave (1995),Animation|Children|Comedy,tt00112691,532,3.8958333333333335,48,1995,Wallace & Gromit: A Close Shave,Animation|Children|Comedy
924,2001: A Space Odyssey (1968),Adventure|Drama|Sci-Fi,tt00062622,62,3.8944954128440368,109,1968,2001: A Space Odyssey,Adventure|Drama|Sci-Fi
2762,"Sixth Sense, The (1999)",Drama|Horror|Mystery,tt00167404,745,3.893854748603352,179,1999,"Sixth Sense, The",Drama|Horror|Mystery
33166,Crash (2004),Crime|Drama,tt00375679,1640,3.89,50,2004,Crash,Crime|Drama
69844,Harry Potter and the Half-Blood Prince (2009),Adventure|Fantasy|Mystery|Romance|IMAX,tt00417741,767,3.8879310344827585,58,2009,Harry Potter and the Half-Blood Prince,Adventure|Fantasy|Mystery|Romance|IMAX
1028,Mary Poppins (1964),Children|Comedy|Fantasy|Musical,tt00058331,433,3.887323943661972,71,1964,Mary Poppins,Children|Comedy|Fantasy|Musical
80463,"Social Network, The (2010)",Drama,tt01285016,37799,3.8859649122807016,57,2010,"Social Network, The",Drama
44191,V for Vendetta (2006),Action|Sci-Fi|Thriller|IMAX,tt00434409,752,3.885,100,2006,V for Vendetta,Action|Sci-Fi|Thriller|IMAX
46578,Little Miss Sunshine (2006),Adventure|Comedy|Drama,tt00449059,773,3.883116883116883,77,2006,Little Miss Sunshine,Adventure|Comedy|Drama
919,"Wizard of Oz, The (1939)",Adventure|Children|Fantasy|Musical,tt00032138,630,3.880434782608696,92,1939,"Wizard of Oz, The",Adventure|Children|Fantasy|Musical
1356,Star Trek: First Contact (1996),Action|Adventure|Sci-Fi|Thriller,tt00117731,199,3.879120879120879,91,1996,Star Trek: First Contact,Action|Adventure|Sci-Fi|Thriller
71535,Zombieland (2009),Action|Comedy|Horror,tt01156398,19908,3.8773584905660377,53,2009,Zombieland,Action|Comedy|Horror
1073,Willy Wonka & the Chocolate Factory (1971),Children|Comedy|Fantasy|Musical,tt00067992,252,3.8739495798319328,119,1971,Willy Wonka & the Chocolate Factory,Children|Comedy|Fantasy|Musical
1610,"Hunt for Red October, The (1990)",Action|Adventure|Thriller,tt00099810,1669,3.8722222222222222,90,1990,"Hunt for Red October, The",Action|Adventure|Thriller
4886,"Monsters, Inc. (2001)",Adventure|Animation|Children|Comedy|Fantasy,tt00198781,585,3.871212121212121,132,2001,"Monsters, Inc.",Adventure|Animation|Children|Comedy|Fantasy
1230,Annie Hall (1977),Comedy|Romance,tt00075686,703,3.8706896551724137,58,1977,Annie Hall,Comedy|Romance
89745,"Avengers, The (2012)",Action|Adventure|Sci-Fi|IMAX,tt00848228,24428,3.869565217391304,69,2012,"Avengers, The",Action|Adventure|Sci-Fi|IMAX
7438,Kill Bill: Vol. 2 (2004),Action|Drama|Thriller,tt00378194,393,3.868181818181818,110,2004,Kill Bill: Vol. 2,Action|Drama|Thriller
50872,Ratatouille (2007),Animation|Children|Drama,tt00382932,2062,3.8680555555555554,72,2007,Ratatouille,Animation|Children|Drama
4306,Shrek (2001),Adventure|Animation|Children|Comedy|Fantasy|Romance,tt00126029,808,3.8676470588235294,170,2001,Shrek,Adventure|Animation|Children|Comedy|Fantasy|Romance
3897,Almost Famous (2000),Drama,tt00181875,786,3.8674698795180724,83,2000,Almost Famous,Drama
68358,Star Trek (2009),Action|Adventure|Sci-Fi|IMAX,tt00796366,13475,3.864406779661017,59,2009,Star Trek,Action|Adventure|Sci-Fi|IMAX
54503,Superbad (2007),Comedy,tt00829482,8363,3.8636363636363638,55,2007,Superbad,Comedy
1036,Die Hard (1988),Action|Crime|Thriller,tt00095016,562,3.8620689655172415,145,1988,Die Hard,Action|Crime|Thriller
33794,Batman Begins (2005),Action|Crime|IMAX,tt00372784,272,3.8620689655172415,116,2005,Batman Begins,Action|Crime|IMAX
54001,Harry Potter and the Order of the Phoenix (2007),Adventure|Drama|Fantasy|IMAX,tt00373889,675,3.8620689655172415,58,2007,Harry Potter and the Order of the Phoenix,Adventure|Drama|Fantasy|IMAX
2700,"South Park: Bigger, Longer and Uncut (1999)",Animation|Comedy|Musical,tt00158983,9473,3.861842105263158,76,1999,"South Park: Bigger, Longer and Uncut",Animation|Comedy|Musical
3114,Toy Story 2 (1999),Adventure|Animation|Children|Comedy|Fantasy,tt00120363,863,3.8608247422680413,97,1999,Toy Story 2,Adventure|Animation|Children|Comedy|Fantasy
1307,When Harry Met Sally... (1989),Comedy|Romance,tt00098635,639,3.8588235294117648,85,1989,When Harry Met Sally...,Comedy|Romance
32587,Sin City (2005),Action|Crime|Film-Noir|Mystery|Thriller,tt00401792,187,3.857142857142857,84,2005,Sin City,Action|Crime|Film-Noir|Mystery|Thriller
2791,Airplane! (1980),Comedy,tt00080339,813,3.8563218390804597,87,1980,Airplane!,Comedy
223,Clerks (1994),Comedy,tt00109445,2292,3.855769230769231,104,1994,Clerks,Comedy
73017,Sherlock Holmes (2009),Action|Crime|Mystery|Thriller,tt00988045,10528,3.853448275862069,58,2009,Sherlock Holmes,Action|Crime|Mystery|Thriller
1921,Pi (1998),Drama|Sci-Fi|Thriller,tt00138704,473,3.851063829787234,47,1998,Pi,Drama|Sci-Fi|Thriller
30707,Million Dollar Baby (2004),Drama,tt00405159,70,3.8461538461538463,52,2004,Million Dollar Baby,Drama
150,Apollo 13 (1995),Adventure|Drama|IMAX,tt00112384,568,3.845771144278607,201,1995,Apollo 13,Adventure|Drama|IMAX
4963,Ocean's Eleven (2001),Crime|Thriller,tt00240772,161,3.8445378151260505,119,2001,Ocean's Eleven,Crime|Thriller
4848,Mulholland Drive (2001),Crime|Drama|Film-Noir|Mystery|Thriller,tt00166924,1018,3.843137254901961,51,2001,Mulholland Drive,Crime|Drama|Film-Noir|Mystery|Thriller
1358,Sling Blade (1996),Drama,tt00117666,12498,3.8404255319148937,47,1996,Sling Blade,Drama
2947,Goldfinger (1964),Action|Adventure|Thriller,tt00058150,658,3.839622641509434,53,1964,Goldfinger,Action|Adventure|Thriller
2918,Ferris Bueller's Day Off (1986),Comedy,tt00091042,9377,3.8394495412844036,109,1986,Ferris Bueller's Day Off,Comedy
3996,"Crouching Tiger, Hidden Dragon (Wo hu cang long) (2000)",Action|Drama|Romance,tt00190332,146,3.8363636363636364,110,2000,"Crouching Tiger, Hidden Dragon (Wo hu cang long)",Action|Drama|Romance
8961,"Incredibles, The (2004)",Action|Adventure|Animation|Children|Comedy,tt00317705,9806,3.836,125,2004,"Incredibles, The",Action|Adventure|Animation|Children|Comedy
36,Dead Man Walking (1995),Crime|Drama,tt00112818,687,3.8358208955223883,67,1995,Dead Man Walking,Crime|Drama
590,Dances with Wolves (1990),Adventure|Drama|Western,tt00099348,581,3.8353658536585367,164,1990,Dances with Wolves,Adventure|Drama|Western
7147,Big Fish (2003),Drama|Fantasy|Romance,tt00319061,587,3.8333333333333335,69,2003,Big Fish,Drama|Fantasy|Romance
122904,Deadpool (2016),Action|Adventure|Comedy|Sci-Fi,tt01431045,293660,3.8333333333333335,54,2016,Deadpool,Action|Adventure|Comedy|Sci-Fi
2078,"Jungle Book, The (1967)",Animation|Children|Comedy|Musical,tt00061852,9325,3.830188679245283,53,1967,"Jungle Book, The",Animation|Children|Comedy|Musical
1954,Rocky (1976),Drama,tt00075148,1366,3.828125,64,1976,Rocky,Drama
3552,Caddyshack (1980),Comedy,tt00080487,11977,3.826923076923077,52,1980,Caddyshack,Comedy
59315,Iron Man (2008),Action|Adventure|Sci-Fi,tt00371746,1726,3.824468085106383,94,2008,Iron Man,Action|Adventure|Sci-Fi
1748,Dark City (1998),Adventure|Film-Noir|Sci-Fi|Thriller,tt00118929,2666,3.8229166666666665,48,1998,Dark City,Adventure|Film-Noir|Sci-Fi|Thriller
122882,Mad Max: Fury Road (2015),Action|Adventure|Sci-Fi|Thriller,tt01392190,76341,3.8191489361702127,47,2015,Mad Max: Fury Road,Action|Adventure|Sci-Fi|Thriller
5418,"Bourne Identity, The (2002)",Action|Mystery|Thriller,tt00258463,2501,3.8169642857142856,112,2002,"Bourne Identity, The",Action|Mystery|Thriller
40815,Harry Potter and the Goblet of Fire (2005),Adventure|Fantasy|Thriller|IMAX,tt00330373,674,3.816901408450704,71,2005,Harry Potter and the Goblet of Fire,Adventure|Fantasy|Thriller|IMAX
553,Tombstone (1993),Action|Drama|Western,tt00108358,11969,3.8153846153846156,65,1993,Tombstone,Action|Drama|Western
48394,"Pan's Labyrinth (Laberinto del fauno, El) (2006)",Drama|Fantasy|Thriller,tt00457430,1417,3.814814814814815,81,2006,"Pan's Labyrinth (Laberinto del fauno, El)",Drama|Fantasy|Thriller
4239,Blow (2001),Crime|Drama,tt00221027,4133,3.8137254901960786,51,2001,Blow,Crime|Drama
1682,"Truman Show, The (1998)",Comedy|Drama|Sci-Fi,tt00120382,37165,3.812,125,1998,"Truman Show, The",Comedy|Drama|Sci-Fi
5010,Black Hawk Down (2001),Action|Drama|War,tt00265086,855,3.81,50,2001,Black Hawk Down,Action|Drama|War
96079,Skyfall (2012),Action|Adventure|Thriller|IMAX,tt01074638,37724,3.81,50,2012,Skyfall,Action|Adventure|Thriller|IMAX
63082,Slumdog Millionaire (2008),Crime|Drama|Romance,tt01010048,12405,3.8098591549295775,71,2008,Slumdog Millionaire,Crime|Drama|Romance
1220,"Blues Brothers, The (1980)",Action|Comedy|Musical,tt00080455,525,3.8095238095238093,84,1980,"Blues Brothers, The",Action|Comedy|Musical
4027,"O Brother, Where Art Thou? (2000)",Adventure|Comedy|Crime,tt00190590,134,3.8085106382978724,94,2000,"O Brother, Where Art Thou?",Adventure|Comedy|Crime
1961,Rain Man (1988),Drama,tt00095953,380,3.8072916666666665,96,1988,Rain Man,Drama
8636,Spider-Man 2 (2004),Action|Adventure|Sci-Fi|IMAX,tt00316654,558,3.8037974683544302,79,2004,Spider-Man 2,Action|Adventure|Sci-Fi|IMAX
2529,Planet of the Apes (1968),Action|Drama|Sci-Fi,tt00063442,871,3.8035714285714284,56,1968,Planet of the Apes,Action|Drama|Sci-Fi
1997,"Exorcist, The (1973)",Horror|Mystery,tt00070047,9552,3.80188679245283,53,1973,"Exorcist, The",Horror|Mystery
555,True Romance (1993),Crime|Thriller,tt00108399,319,3.8,65,1993,True Romance,Crime|Thriller
4776,Training Day (2001),Crime|Drama|Thriller,tt00139654,2034,3.7941176470588234,51,2001,Training Day,Crime|Drama|Thriller
588,Aladdin (1992),Adventure|Animation|Children|Comedy|Musical,tt00103639,812,3.7923497267759565,183,1992,Aladdin,Adventure|Animation|Children|Comedy|Musical
30749,Hotel Rwanda (2004),Drama|War,tt00395169,205,3.7916666666666665,48,2004,Hotel Rwanda,Drama|War
2268,"Few Good Men, A (1992)",Crime|Drama|Thriller,tt00104257,881,3.789473684210526,57,1992,"Few Good Men, A",Crime|Drama|Thriller
3535,American Psycho (2000),Crime|Horror|Mystery|Thriller,tt00144084,1359,3.788135593220339,59,2000,American Psycho,Crime|Horror|Mystery|Thriller
6942,Love Actually (2003),Comedy|Drama|Romance,tt00314331,508,3.788135593220339,59,2003,Love Actually,Comedy|Drama|Romance
8665,"Bourne Supremacy, The (2004)",Action|Crime|Thriller,tt00372183,2502,3.7866666666666666,75,2004,"Bourne Supremacy, The",Action|Crime|Thriller
1282,Fantasia (1940),Animation|Children|Fantasy|Musical,tt00032455,756,3.7830188679245285,53,1940,Fantasia,Animation|Children|Fantasy|Musical
333,Tommy Boy (1995),Comedy,tt00114694,11381,3.78,50,1995,Tommy Boy,Comedy
109374,"Grand Budapest Hotel, The (2014)",Comedy|Drama,tt02278388,120467,3.7788461538461537,52,2014,"Grand Budapest Hotel, The",Comedy|Drama
1968,"Breakfast Club, The (1985)",Comedy|Drama,tt00088847,2108,3.7787610619469025,113,1985,"Breakfast Club, The",Comedy|Drama
6539,Pirates of the Caribbean: The Curse of the Black Pearl (2003),Action|Adventure|Comedy|Fantasy,tt00325980,22,3.778523489932886,149,2003,Pirates of the Caribbean: The Curse of the Black Pearl,Action|Adventure|Comedy|Fantasy
2396,Shakespeare in Love (1998),Comedy|Drama|Romance,tt00138097,1934,3.777173913043478,92,1998,Shakespeare in Love,Comedy|Drama|Romance
70286,District 9 (2009),Mystery|Sci-Fi|Thriller,tt01136608,17654,3.776923076923077,65,2009,District 9,Mystery|Sci-Fi|Thriller
17,Sense and Sensibility (1995),Drama|Romance,tt00114388,4584,3.7761194029850746,67,1995,Sense and Sensibility,Drama|Romance
5669,Bowling for Columbine (2002),Documentary,tt00310793,1430,3.7758620689655173,58,2002,Bowling for Columbine,Documentary
2716,Ghostbusters (a.k.a. Ghost Busters) (1984),Action|Comedy|Sci-Fi,tt00087332,620,3.775,120,1984,Ghostbusters (a.k.a. Ghost Busters),Action|Comedy|Sci-Fi
8641,Anchorman: The Legend of Ron Burgundy (2004),Comedy,tt00357413,8699,3.7719298245614037,57,2004,Anchorman: The Legend of Ron Burgundy,Comedy
595,Beauty and the Beast (1991),Animation|Children|Fantasy|Musical|Romance|IMAX,tt00101414,10020,3.7705479452054793,146,1991,Beauty and the Beast,Animation|Children|Fantasy|Musical|Romance|IMAX
56367,Juno (2007),Comedy|Drama|Romance,tt00467406,7326,3.769230769230769,65,2007,Juno,Comedy|Drama|Romance
1097,E.T. the Extra-Terrestrial (1982),Children|Drama|Sci-Fi,tt00083866,601,3.7663934426229506,122,1982,E.T. the Extra-Terrestrial,Children|Drama|Sci-Fi
337,What's Eating Gilbert Grape (1993),Drama,tt00108550,1587,3.7662337662337664,77,1993,What's Eating Gilbert Grape,Drama
1374,Star Trek II: The Wrath of Khan (1982),Action|Adventure|Sci-Fi|Thriller,tt00084726,154,3.7661290322580645,62,1982,Star Trek II: The Wrath of Khan,Action|Adventure|Sci-Fi|Thriller
49530,Blood Diamond (2006),Action|Adventure|Crime|Drama|Thriller|War,tt00450259,1372,3.7641509433962264,53,2006,Blood Diamond,Action|Adventure|Crime|Drama|Thriller|War
4896,Harry Potter and the Sorcerer's Stone (a.k.a. Harry Potter and the Philosopher's Stone) (2001),Adventure|Children|Fantasy,tt00241527,671,3.7616822429906542,107,2001,Harry Potter and the Sorcerer's Stone (a.k.a. Harry Potter and the Philosopher's Stone),Adventure|Children|Fantasy
1641,"Full Monty, The (1997)",Comedy|Drama,tt00119164,9427,3.7589285714285716,56,1997,"Full Monty, The",Comedy|Drama
480,Jurassic Park (1993),Action|Adventure|Sci-Fi|Thriller,tt00107290,329,3.75,238,1993,Jurassic Park,Action|Adventure|Sci-Fi|Thriller
1527,"Fifth Element, The (1997)",Action|Adventure|Comedy|Sci-Fi,tt00119116,18,3.7456896551724137,116,1997,"Fifth Element, The",Action|Adventure|Comedy|Sci-Fi
3471,Close Encounters of the Third Kind (1977),Adventure|Drama|Sci-Fi,tt00075860,840,3.7416666666666667,60,1977,Close Encounters of the Third Kind,Adventure|Drama|Sci-Fi
1466,Donnie Brasco (1997),Crime|Drama,tt00119008,9366,3.7403846153846154,52,1997,Donnie Brasco,Crime|Drama
1275,Highlander (1986),Action|Adventure|Fantasy,tt00091203,8009,3.7291666666666665,48,1986,Highlander,Action|Adventure|Fantasy
5991,Chicago (2002),Comedy|Crime|Drama|Musical,tt00299658,1574,3.7244897959183674,49,2002,Chicago,Comedy|Crime|Drama|Musical
6333,X2: X-Men United (2003),Action|Adventure|Sci-Fi|Thriller,tt00290334,36658,3.723684210526316,76,2003,X2: X-Men United,Action|Adventure|Sci-Fi|Thriller
2797,Big (1988),Comedy|Drama|Fantasy|Romance,tt00094737,2280,3.71978021978022,91,1988,Big,Comedy|Drama|Fantasy|Romance
3160,Magnolia (1999),Drama,tt00175880,334,3.7115384615384617,52,1999,Magnolia,Drama
6870,Mystic River (2003),Crime|Drama|Mystery,tt00327056,322,3.7115384615384617,52,2003,Mystic River,Crime|Drama|Mystery
8784,Garden State (2004),Comedy|Drama|Romance,tt00333766,401,3.7083333333333335,48,2004,Garden State,Comedy|Drama|Romance
62,Mr. Holland's Opus (1995),Drama,tt00113862,2054,3.70625,80,1995,Mr. Holland's Opus,Drama
1625,"Game, The (1997)",Drama|Mystery|Thriller,tt00119174,2649,3.7012987012987013,77,1997,"Game, The",Drama|Mystery|Thriller
4022,Cast Away (2000),Drama,tt00162222,8358,3.7,100,2000,Cast Away,Drama
2291,Edward Scissorhands (1990),Drama|Fantasy|Romance,tt00099487,162,3.7,80,1990,Edward Scissorhands,Drama|Fantasy|Romance
3793,X-Men (2000),Action|Adventure|Sci-Fi,tt00120903,36657,3.699248120300752,133,2000,X-Men,Action|Adventure|Sci-Fi
1784,As Good as It Gets (1997),Comedy|Drama|Romance,tt00119822,2898,3.6979166666666665,96,1997,As Good as It Gets,Comedy|Drama|Romance
1729,Jackie Brown (1997),Crime|Drama|Thriller,tt00119396,184,3.6979166666666665,48,1997,Jackie Brown,Crime|Drama|Thriller
54286,"Bourne Ultimatum, The (2007)",Action|Crime|Thriller,tt00440963,2503,3.697530864197531,81,2007,"Bourne Ultimatum, The",Action|Crime|Thriller
3421,Animal House (1978),Comedy,tt00077975,8469,3.693548387096774,62,1978,Animal House,Comedy
474,In the Line of Fire (1993),Action|Thriller,tt00107206,9386,3.692857142857143,70,1993,In the Line of Fire,Action|Thriller
3911,Best in Show (2000),Comedy,tt00218839,13785,3.688679245283019,53,2000,Best in Show,Comedy
5218,Ice Age (2002),Adventure|Animation|Children|Comedy,tt00268380,425,3.6882352941176473,85,2002,Ice Age,Adventure|Animation|Children|Comedy
4979,"Royal Tenenbaums, The (2001)",Comedy|Drama,tt00265666,9428,3.6838235294117645,68,2001,"Royal Tenenbaums, The",Comedy|Drama
51662,300 (2007),Action|Fantasy|War|IMAX,tt00416449,1271,3.68125,80,2007,300,Action|Fantasy|War|IMAX
235,Ed Wood (1994),Comedy|Drama,tt00109707,522,3.6785714285714284,70,1994,Ed Wood,Comedy|Drama
1923,There's Something About Mary (1998),Comedy|Romance,tt00129387,544,3.676190476190476,105,1998,There's Something About Mary,Comedy|Romance
2000,Lethal Weapon (1987),Action|Comedy|Crime|Drama,tt00093409,941,3.6733333333333333,75,1987,Lethal Weapon,Action|Comedy|Crime|Drama
11,"American President, The (1995)",Comedy|Drama|Romance,tt00112346,9087,3.6714285714285713,70,1995,"American President, The",Comedy|Drama|Romance
3481,High Fidelity (2000),Comedy|Drama|Romance,tt00146882,243,3.6666666666666665,75,2000,High Fidelity,Comedy|Drama|Romance
2599,Election (1999),Comedy,tt00126886,9451,3.6607142857142856,56,1999,Election,Comedy
52973,Knocked Up (2007),Comedy|Drama|Romance,tt00478311,4964,3.6538461538461537,52,2007,Knocked Up,Comedy|Drama|Romance
2916,Total Recall (1990),Action|Adventure|Sci-Fi|Thriller,tt00100802,861,3.653409090909091,88,1990,Total Recall,Action|Adventure|Sci-Fi|Thriller
1584,Contact (1997),Drama|Sci-Fi,tt00118884,686,3.652439024390244,82,1997,Contact,Drama|Sci-Fi
34,Babe (1995),Children|Drama,tt00112431,9598,3.65234375,128,1995,Babe,Children|Drama
2763,"Thomas Crown Affair, The (1999)",Action|Mystery,tt00155267,913,3.6458333333333335,48,1999,"Thomas Crown Affair, The",Action|Mystery
3052,Dogma (1999),Adventure|Comedy|Fantasy,tt00120655,1832,3.6455696202531644,79,1999,Dogma,Adventure|Comedy|Fantasy
733,"Rock, The (1996)",Action|Adventure|Thriller,tt00117500,9802,3.6404958677685952,121,1996,"Rock, The",Action|Adventure|Thriller
2115,Indiana Jones and the Temple of Doom (1984),Action|Adventure|Fantasy,tt00087469,87,3.638888888888889,108,1984,Indiana Jones and the Temple of Doom,Action|Adventure|Fantasy
5445,Minority Report (2002),Action|Crime|Mystery|Sci-Fi|Thriller,tt00181689,180,3.6375,120,2002,Minority Report,Action|Crime|Mystery|Sci-Fi|Thriller
161,Crimson Tide (1995),Drama|Thriller|War,tt00112740,8963,3.6359223300970873,103,1995,Crimson Tide,Drama|Thriller|War
69122,"Hangover, The (2009)",Comedy|Crime,tt01119646,18785,3.6315789473684212,76,2009,"Hangover, The",Comedy|Crime
4720,"Others, The (2001)",Drama|Horror|Mystery|Thriller,tt00230600,1933,3.6272727272727274,55,2001,"Others, The",Drama|Horror|Mystery|Thriller
25,Leaving Las Vegas (1995),Drama|Romance,tt00113627,451,3.625,76,1995,Leaving Las Vegas,Drama|Romance
4246,Bridget Jones's Diary (2001),Comedy|Drama|Romance,tt00243155,634,3.623076923076923,65,2001,Bridget Jones's Diary,Comedy|Drama|Romance
6378,"Italian Job, The (2003)",Action|Crime,tt00317740,9654,3.6186440677966103,59,2003,"Italian Job, The",Action|Crime
594,Snow White and the Seven Dwarfs (1937),Animation|Children|Drama|Fantasy|Musical,tt00029583,408,3.616883116883117,77,1937,Snow White and the Seven Dwarfs,Animation|Children|Drama|Fantasy|Musical
508,Philadelphia (1993),Drama,tt00107818,9800,3.6136363636363638,66,1993,Philadelphia,Drama
1500,Grosse Pointe Blank (1997),Comedy|Crime|Romance,tt00119229,9434,3.610169491525424,59,1997,Grosse Pointe Blank,Comedy|Crime|Romance
353,"Crow, The (1994)",Action|Crime|Fantasy|Thriller,tt00109506,9495,3.609375,64,1994,"Crow, The",Action|Crime|Fantasy|Thriller
2640,Superman (1978),Action|Adventure|Sci-Fi,tt00078346,1924,3.6065573770491803,61,1978,Superman,Action|Adventure|Sci-Fi
349,Clear and Present Danger (1994),Action|Crime|Drama|Thriller,tt00109444,9331,3.6045454545454545,110,1994,Clear and Present Danger,Action|Crime|Drama|Thriller
72998,Avatar (2009),Action|Adventure|Sci-Fi|IMAX,tt00499549,19995,3.6030927835051547,97,2009,Avatar,Action|Adventure|Sci-Fi|IMAX
2144,Sixteen Candles (1984),Comedy|Romance,tt00088128,15144,3.6020408163265305,49,1984,Sixteen Candles,Comedy|Romance
5816,Harry Potter and the Chamber of Secrets (2002),Adventure|Fantasy,tt00295297,672,3.5980392156862746,102,2002,Harry Potter and the Chamber of Secrets,Adventure|Fantasy
1393,Jerry Maguire (1996),Drama|Romance,tt00116695,9390,3.5941176470588236,85,1996,Jerry Maguire,Drama|Romance
4308,Moulin Rouge (2001),Drama|Musical|Romance,tt00203009,824,3.590909090909091,55,2001,Moulin Rouge,Drama|Musical|Romance
3527,Predator (1987),Action|Sci-Fi|Thriller,tt00093773,106,3.581967213114754,61,1987,Predator,Action|Sci-Fi|Thriller
3175,Galaxy Quest (1999),Adventure|Comedy|Sci-Fi,tt00177789,926,3.58,75,1999,Galaxy Quest,Adventure|Comedy|Sci-Fi
1639,Chasing Amy (1997),Comedy|Drama|Romance,tt00118842,2255,3.576923076923077,52,1997,Chasing Amy,Comedy|Drama|Romance
8360,Shrek 2 (2004),Adventure|Animation|Children|Comedy|Musical|Romance,tt00298148,809,3.5760869565217392,92,2004,Shrek 2,Adventure|Animation|Children|Comedy|Musical|Romance
2987,Who Framed Roger Rabbit? (1988),Adventure|Animation|Children|Comedy|Crime|Fantasy|Mystery,tt00096438,856,3.5721649484536084,97,1988,Who Framed Roger Rabbit?,Adventure|Animation|Children|Comedy|Crime|Fantasy|Mystery
2005,"Goonies, The (1985)",Action|Adventure|Children|Comedy|Fantasy,tt00089218,9340,3.5701754385964914,57,1985,"Goonies, The",Action|Adventure|Children|Comedy|Fantasy
163,Desperado (1995),Action|Romance|Western,tt00112851,8068,3.5606060606060606,66,1995,Desperado,Action|Romance|Western
165,Die Hard: With a Vengeance (1995),Action|Crime|Thriller,tt00112864,1572,3.5555555555555554,144,1995,Die Hard: With a Vengeance,Action|Crime|Thriller
551,"Nightmare Before Christmas, The (1993)",Animation|Children|Fantasy|Musical,tt00107688,9479,3.553763440860215,93,1993,"Nightmare Before Christmas, The",Animation|Children|Fantasy|Musical
7293,50 First Dates (2004),Comedy|Romance,tt00343660,1824,3.5531914893617023,47,2004,50 First Dates,Comedy|Romance
3751,Chicken Run (2000),Animation|Children|Comedy,tt00120630,7443,3.551282051282051,78,2000,Chicken Run,Animation|Children|Comedy
35836,"40-Year-Old Virgin, The (2005)",Comedy|Romance,tt00405422,6957,3.5472972972972974,74,2005,"40-Year-Old Virgin, The",Comedy|Romance
440,Dave (1993),Comedy|Romance,tt00106673,11566,3.5460526315789473,76,1993,Dave,Comedy|Romance
2395,Rushmore (1998),Comedy|Drama,tt00128445,11545,3.544642857142857,56,1998,Rushmore,Comedy|Drama
112,Rumble in the Bronx (Hont faan kui) (1995),Action|Adventure|Comedy|Crime,tt00113326,33542,3.5434782608695654,46,1995,Rumble in the Bronx (Hont faan kui),Action|Adventure|Comedy|Crime
5349,Spider-Man (2002),Action|Adventure|Sci-Fi|Thriller,tt00145487,557,3.540983606557377,122,2002,Spider-Man,Action|Adventure|Sci-Fi|Thriller
509,"Piano, The (1993)",Drama|Romance,tt00107822,713,3.540983606557377,61,1993,"Piano, The",Drama|Romance
225,Disclosure (1994),Drama|Thriller,tt00109635,8984,3.5384615384615383,52,1994,Disclosure,Drama|Thriller
648,Mission: Impossible (1996),Action|Adventure|Mystery|Thriller,tt00117060,954,3.537037037037037,162,1996,Mission: Impossible,Action|Adventure|Mystery|Thriller
1517,Austin Powers: International Man of Mystery (1997),Action|Adventure|Comedy,tt00118655,816,3.535,100,1997,Austin Powers: International Man of Mystery,Action|Adventure|Comedy
454,"Firm, The (1993)",Drama|Thriller,tt00106918,37233,3.5346534653465347,101,1993,"Firm, The",Drama|Thriller
377,Speed (1994),Action|Romance|Thriller,tt00111257,1637,3.5292397660818713,171,1994,Speed,Action|Romance|Thriller
3408,Erin Brockovich (2000),Drama,tt00195685,462,3.5285714285714285,70,2000,Erin Brockovich,Drama
2572,10 Things I Hate About You (1999),Comedy|Romance,tt00147800,4951,3.5277777777777777,54,1999,10 Things I Hate About You,Comedy|Romance
4014,Chocolat (2000),Drama|Romance,tt00241303,392,3.521276595744681,47,2000,Chocolat,Drama|Romance
5464,Road to Perdition (2002),Crime|Drama,tt00257044,4147,3.520408163265306,49,2002,Road to Perdition,Crime|Drama
357,Four Weddings and a Funeral (1994),Comedy|Romance,tt00109831,712,3.5194174757281553,103,1994,Four Weddings and a Funeral,Comedy|Romance
300,Quiz Show (1994),Drama,tt00110932,11450,3.5185185185185186,81,1994,Quiz Show,Drama
5956,Gangs of New York (2002),Crime|Drama,tt00217505,3131,3.518181818181818,55,2002,Gangs of New York,Crime|Drama
1302,Field of Dreams (1989),Children|Drama|Fantasy,tt00097351,2323,3.517857142857143,56,1989,Field of Dreams,Children|Drama|Fantasy
2355,"Bug's Life, A (1998)",Adventure|Animation|Children|Comedy,tt00120623,9487,3.516304347826087,92,1998,"Bug's Life, A",Adventure|Animation|Children|Comedy
77561,Iron Man 2 (2010),Action|Adventure|Sci-Fi|Thriller|IMAX,tt01228705,10138,3.5106382978723403,47,2010,Iron Man 2,Action|Adventure|Sci-Fi|Thriller|IMAX
8464,Super Size Me (2004),Comedy|Documentary|Drama,tt00390521,9372,3.51,50,2004,Super Size Me,Comedy|Documentary|Drama
4816,Zoolander (2001),Comedy,tt00196229,9398,3.509259259259259,54,2001,Zoolander,Comedy
70,From Dusk Till Dawn (1996),Action|Comedy|Horror|Thriller,tt00116367,755,3.5090909090909093,55,1996,From Dusk Till Dawn,Action|Comedy|Horror|Thriller
34162,Wedding Crashers (2005),Comedy|Romance,tt00396269,9522,3.5086206896551726,58,2005,Wedding Crashers,Comedy|Romance
45722,Pirates of the Caribbean: Dead Man's Chest (2006),Action|Adventure|Fantasy,tt00383574,58,3.5069444444444446,72,2006,Pirates of the Caribbean: Dead Man's Chest,Action|Adventure|Fantasy
2011,Back to the Future Part II (1989),Adventure|Comedy|Sci-Fi,tt00096874,165,3.5057471264367814,87,1989,Back to the Future Part II,Adventure|Comedy|Sci-Fi
368,Maverick (1994),Adventure|Comedy|Western,tt00110478,9359,3.5,74,1994,Maverick,Adventure|Comedy|Western
380,True Lies (1994),Action|Adventure|Comedy|Romance|Thriller,tt00111503,36955,3.497191011235955,178,1994,True Lies,Action|Adventure|Comedy|Romance|Thriller
10,GoldenEye (1995),Action|Adventure|Thriller,tt00113189,710,3.496212121212121,132,1995,GoldenEye,Action|Adventure|Thriller
21,Get Shorty (1995),Comedy|Crime|Thriller,tt00113161,8012,3.49438202247191,89,1995,Get Shorty,Comedy|Crime|Thriller
141,"Birdcage, The (1996)",Comedy,tt00115685,11000,3.494186046511628,86,1996,"Birdcage, The",Comedy
2353,Enemy of the State (1998),Action|Thriller,tt00120660,9798,3.4925373134328357,67,1998,Enemy of the State,Action|Thriller
8644,"I, Robot (2004)",Action|Adventure|Sci-Fi|Thriller,tt00343818,2048,3.4918032786885247,61,2004,"I, Robot",Action|Adventure|Sci-Fi|Thriller
1580,Men in Black (a.k.a. MIB) (1997),Action|Comedy|Sci-Fi,tt00119654,607,3.487878787878788,165,1997,Men in Black (a.k.a. MIB),Action|Comedy|Sci-Fi
597,Pretty Woman (1990),Comedy|Romance,tt00100405,114,3.4851851851851854,135,1990,Pretty Woman,Comedy|Romance
56174,I Am Legend (2007),Action|Horror|Sci-Fi|Thriller|IMAX,tt00480249,6479,3.4838709677419355,62,2007,I Am Legend,Action|Horror|Sci-Fi|Thriller|IMAX
2321,Pleasantville (1998),Comedy|Drama|Fantasy,tt00120789,2657,3.4836065573770494,61,1998,Pleasantville,Comedy|Drama|Fantasy
3033,Spaceballs (1987),Comedy|Sci-Fi,tt00094012,957,3.483050847457627,59,1987,Spaceballs,Comedy|Sci-Fi
3994,Unbreakable (2000),Drama|Sci-Fi,tt00217869,9741,3.4794520547945207,73,2000,Unbreakable,Drama|Sci-Fi
1396,Sneakers (1992),Action|Comedy|Crime|Drama|Sci-Fi,tt00105435,2322,3.4782608695652173,46,1992,Sneakers,Action|Comedy|Crime|Drama|Sci-Fi
1127,"Abyss, The (1989)",Action|Adventure|Sci-Fi|Thriller,tt00096754,2756,3.475806451612903,62,1989,"Abyss, The",Action|Adventure|Sci-Fi|Thriller
3081,Sleepy Hollow (1999),Fantasy|Horror|Mystery|Romance,tt00162661,2668,3.475806451612903,62,1999,Sleepy Hollow,Fantasy|Horror|Mystery|Romance
3253,Wayne's World (1992),Comedy,tt00105793,8872,3.4754098360655736,61,1992,Wayne's World,Comedy
2174,Beetlejuice (1988),Comedy|Fantasy,tt00094721,4011,3.4725274725274726,91,1988,Beetlejuice,Comedy|Fantasy
539,Sleepless in Seattle (1993),Comedy|Drama|Romance,tt00108160,858,3.4716981132075473,106,1993,Sleepless in Seattle,Comedy|Drama|Romance
339,While You Were Sleeping (1995),Comedy|Romance,tt00114924,2064,3.4693877551020407,98,1995,While You Were Sleeping,Comedy|Romance
2712,Eyes Wide Shut (1999),Drama|Mystery|Thriller,tt00120663,345,3.4622641509433962,53,1999,Eyes Wide Shut,Drama|Mystery|Thriller
253,Interview with the Vampire: The Vampire Chronicles (1994),Drama|Horror,tt00110148,628,3.458715596330275,109,1994,Interview with the Vampire: The Vampire Chronicles,Drama|Horror
2671,Notting Hill (1999),Comedy|Romance,tt00125439,509,3.455357142857143,56,1999,Notting Hill,Comedy|Romance
2406,Romancing the Stone (1984),Action|Adventure|Comedy|Romance,tt00088011,9326,3.4537037037037037,54,1984,Romancing the Stone,Action|Adventure|Comedy|Romance
596,Pinocchio (1940),Animation|Children|Fantasy|Musical,tt00032910,10895,3.45,60,1940,Pinocchio,Animation|Children|Fantasy|Musical
661,James and the Giant Peach (1996),Adventure|Animation|Children|Fantasy|Musical,tt00116683,10539,3.4489795918367347,49,1996,James and the Giant Peach,Adventure|Animation|Children|Fantasy|Musical
3753,"Patriot, The (2000)",Action|Drama|War,tt00187393,2024,3.448529411764706,68,2000,"Patriot, The",Action|Drama|War
780,Independence Day (a.k.a. ID4) (1996),Action|Adventure|Sci-Fi|Thriller,tt00116629,602,3.4455445544554455,202,1996,Independence Day (a.k.a. ID4),Action|Adventure|Sci-Fi|Thriller
59784,Kung Fu Panda (2008),Action|Animation|Children|Comedy|IMAX,tt00441773,9502,3.4444444444444446,54,2008,Kung Fu Panda,Action|Animation|Children|Comedy|IMAX
41566,"Chronicles of Narnia: The Lion, the Witch and the Wardrobe, The (2005)",Adventure|Children|Fantasy,tt00363771,411,3.443548387096774,62,2005,"Chronicles of Narnia: The Lion, the Witch and the Wardrobe, The",Adventure|Children|Fantasy
104,Happy Gilmore (1996),Comedy,tt00116483,9614,3.4393939393939394,99,1996,Happy Gilmore,Comedy
53125,Pirates of the Caribbean: At World's End (2007),Action|Adventure|Comedy|Fantasy,tt00449088,285,3.4375,56,2007,Pirates of the Caribbean: At World's End,Action|Adventure|Comedy|Fantasy
91500,The Hunger Games (2012),Action|Adventure|Drama|Sci-Fi|Thriller,tt01392170,70160,3.435185185185185,54,2012,The Hunger Games,Action|Adventure|Drama|Sci-Fi|Thriller
587,Ghost (1990),Comedy|Drama|Fantasy|Romance|Thriller,tt00099653,251,3.4347826086956523,115,1990,Ghost,Comedy|Drama|Fantasy|Romance|Thriller
2,Jumanji (1995),Adventure|Children|Fantasy,tt00113497,8844,3.4318181818181817,110,1995,Jumanji,Adventure|Children|Fantasy
33493,Star Wars: Episode III - Revenge of the Sith (2005),Action|Adventure|Sci-Fi,tt00121766,1895,3.4294871794871793,78,2005,Star Wars: Episode III - Revenge of the Sith,Action|Adventure|Sci-Fi
592,Batman (1989),Action|Crime|Thriller,tt00096895,268,3.4285714285714284,189,1989,Batman,Action|Crime|Thriller
7458,Troy (2004),Action|Adventure|Drama|War,tt00332452,652,3.4270833333333335,48,2004,Troy,Action|Adventure|Drama|War
292,Outbreak (1995),Action|Drama|Sci-Fi|Thriller,tt00114069,6950,3.4257425742574257,101,1995,Outbreak,Action|Drama|Sci-Fi|Thriller
1994,Poltergeist (1982),Horror|Thriller,tt00084516,609,3.425531914893617,47,1982,Poltergeist,Horror|Thriller
2081,"Little Mermaid, The (1989)",Animation|Children|Comedy|Musical|Romance,tt00097757,10144,3.425373134328358,67,1989,"Little Mermaid, The",Animation|Children|Comedy|Musical|Romance
1777,"Wedding Singer, The (1998)",Comedy|Romance,tt00120888,11003,3.419642857142857,56,1998,"Wedding Singer, The",Comedy|Romance
3948,Meet the Parents (2000),Comedy,tt00212338,1597,3.4175824175824174,91,2000,Meet the Parents,Comedy
1721,Titanic (1997),Drama|Romance,tt00120338,597,3.414285714285714,140,1997,Titanic,Drama|Romance
1645,The Devil's Advocate (1997),Drama|Mystery|Thriller,tt00118971,1813,3.411764705882353,51,1997,The Devil's Advocate,Drama|Mystery|Thriller
1370,Die Hard 2 (1990),Action|Adventure|Thriller,tt00099423,1573,3.4044117647058822,68,1990,Die Hard 2,Action|Adventure|Thriller
4085,Beverly Hills Cop (1984),Action|Comedy|Crime|Drama,tt00086960,90,3.402173913043478,46,1984,Beverly Hills Cop,Action|Comedy|Crime|Drama
6863,School of Rock (2003),Comedy|Musical,tt00332379,1584,3.4015151515151514,66,2003,School of Rock,Comedy|Musical
2080,Lady and the Tramp (1955),Animation|Children|Comedy|Romance,tt00048280,10340,3.4,55,1955,Lady and the Tramp,Animation|Children|Comedy|Romance
266,Legends of the Fall (1994),Drama|Romance|War|Western,tt00110322,4476,3.3970588235294117,68,1994,Legends of the Fall,Drama|Romance|War|Western
329,Star Trek: Generations (1994),Adventure|Drama|Sci-Fi,tt00111280,193,3.3935185185185186,108,1994,Star Trek: Generations,Adventure|Drama|Sci-Fi
500,Mrs. Doubtfire (1993),Comedy|Drama,tt00107614,788,3.388888888888889,144,1993,Mrs. Doubtfire,Comedy|Drama
708,"Truth About Cats & Dogs, The (1996)",Comedy|Romance,tt00117979,8866,3.3879310344827585,58,1996,"Truth About Cats & Dogs, The",Comedy|Romance
350,"Client, The (1994)",Drama|Mystery|Thriller,tt00109446,10731,3.3859649122807016,57,1994,"Client, The",Drama|Mystery|Thriller
2706,American Pie (1999),Comedy|Romance,tt00163651,2105,3.378640776699029,103,1999,American Pie,Comedy|Romance
316,Stargate (1994),Action|Adventure|Sci-Fi,tt00111282,2164,3.375,140,1994,Stargate,Action|Adventure|Sci-Fi
2985,RoboCop (1987),Action|Crime|Drama|Sci-Fi|Thriller,tt00093870,5548,3.3714285714285714,70,1987,RoboCop,Action|Crime|Drama|Sci-Fi|Thriller
1573,Face/Off (1997),Action|Crime|Drama|Thriller,tt00119094,754,3.3701298701298703,77,1997,Face/Off,Action|Crime|Drama|Thriller
2012,Back to the Future Part III (1990),Adventure|Comedy|Sci-Fi|Western,tt00099088,196,3.3693181818181817,88,1990,Back to the Future Part III,Adventure|Comedy|Sci-Fi|Western
2167,Blade (1998),Action|Horror|Thriller,tt00120611,36647,3.3620689655172415,58,1998,Blade,Action|Horror|Thriller
3489,Hook (1991),Adventure|Comedy|Fantasy,tt00102057,879,3.358490566037736,53,1991,Hook,Adventure|Comedy|Fantasy
45499,X-Men: The Last Stand (2006),Action|Sci-Fi|Thriller,tt00376994,36668,3.355769230769231,52,2006,X-Men: The Last Stand,Action|Sci-Fi|Thriller
6365,"Matrix Reloaded, The (2003)",Action|Adventure|Sci-Fi|Thriller|IMAX,tt00234215,604,3.3541666666666665,96,2003,"Matrix Reloaded, The",Action|Adventure|Sci-Fi|Thriller|IMAX
48385,Borat: Cultural Learnings of America for Make Benefit Glorious Nation of Kazakhstan (2006),Comedy,tt00443453,496,3.3461538461538463,65,2006,Borat: Cultural Learnings of America for Make Benefit Glorious Nation of Kazakhstan,Comedy
1608,Air Force One (1997),Action|Thriller,tt00118571,9772,3.3448275862068964,58,1997,Air Force One,Action|Thriller
2657,"Rocky Horror Picture Show, The (1975)",Comedy|Horror|Musical|Sci-Fi,tt00073629,36685,3.3412698412698414,63,1975,"Rocky Horror Picture Show, The",Comedy|Horror|Musical|Sci-Fi
2105,Tron (1982),Action|Adventure|Sci-Fi,tt00084827,97,3.34,50,1982,Tron,Action|Adventure|Sci-Fi
4370,A.I. Artificial Intelligence (2001),Adventure|Drama|Sci-Fi,tt00212720,644,3.3392857142857144,56,2001,A.I. Artificial Intelligence,Adventure|Drama|Sci-Fi
802,Phenomenon (1996),Drama|Romance,tt00117333,9294,3.3369565217391304,46,1996,Phenomenon,Drama|Romance
3176,"Talented Mr. Ripley, The (1999)",Drama|Mystery|Thriller,tt00134119,1213,3.336734693877551,49,1999,"Talented Mr. Ripley, The",Drama|Mystery|Thriller
1676,Starship Troopers (1997),Action|Sci-Fi,tt00120201,563,3.33125,80,1997,Starship Troopers,Action|Sci-Fi
783,"Hunchback of Notre Dame, The (1996)",Animation|Children|Drama|Musical|Romance,tt00116583,10545,3.3297872340425534,47,1996,"Hunchback of Notre Dame, The",Animation|Children|Drama|Musical|Romance
216,Billy Madison (1995),Comedy,tt00112508,11017,3.326530612244898,49,1995,Billy Madison,Comedy
736,Twister (1996),Action|Adventure|Romance|Thriller,tt00117998,664,3.321138211382114,123,1996,Twister,Action|Adventure|Romance|Thriller
8529,"Terminal, The (2004)",Comedy|Drama|Romance,tt00362227,594,3.3191489361702127,47,2004,"Terminal, The",Comedy|Drama|Romance
6373,Bruce Almighty (2003),Comedy|Drama|Fantasy|Romance,tt00315327,310,3.316901408450704,71,2003,Bruce Almighty,Comedy|Drama|Fantasy|Romance
1101,Top Gun (1986),Action|Romance,tt00092099,744,3.3012048192771086,83,1986,Top Gun,Action|Romance
39,Clueless (1995),Comedy|Romance,tt00112697,9603,3.293269230769231,104,1995,Clueless,Comedy|Romance
33679,Mr. & Mrs. Smith (2005),Action|Adventure|Comedy|Romance,tt00356910,787,3.2796610169491527,59,2005,Mr. & Mrs. Smith,Action|Adventure|Comedy|Romance
5299,My Big Fat Greek Wedding (2002),Comedy|Romance,tt00259446,8346,3.2666666666666666,60,2002,My Big Fat Greek Wedding,Comedy|Romance
2302,My Cousin Vinny (1992),Comedy,tt00104952,10377,3.26271186440678,59,1992,My Cousin Vinny,Comedy
552,"Three Musketeers, The (1993)",Action|Adventure|Comedy|Romance,tt00108333,10057,3.262295081967213,61,1993,"Three Musketeers, The",Action|Adventure|Comedy|Romance
3,Grumpier Old Men (1995),Comedy|Romance,tt00113228,15602,3.2596153846153846,52,1995,Grumpier Old Men,Comedy|Romance
145,Bad Boys (1995),Action|Comedy|Crime|Drama|Thriller,tt00112442,9737,3.2450980392156863,51,1995,Bad Boys,Action|Comedy|Crime|Drama|Thriller
288,Natural Born Killers (1994),Action|Crime|Thriller,tt00110632,241,3.233695652173913,92,1994,Natural Born Killers,Action|Crime|Thriller
3717,Gone in 60 Seconds (2000),Action|Crime,tt00187078,9679,3.221311475409836,61,2000,Gone in 60 Seconds,Action|Crime
317,"Santa Clause, The (1994)",Comedy|Drama|Fantasy,tt00111070,11395,3.2037037037037037,81,1994,"Santa Clause, The",Comedy|Drama|Fantasy
5679,"Ring, The (2002)",Horror|Mystery|Thriller,tt00298130,565,3.202127659574468,47,2002,"Ring, The",Horror|Mystery|Thriller
1407,Scream (1996),Comedy|Horror|Mystery|Thriller,tt00117571,4232,3.2,70,1996,Scream,Comedy|Horror|Mystery|Thriller
2683,Austin Powers: The Spy Who Shagged Me (1999),Action|Adventure|Comedy,tt00145660,817,3.1983471074380163,121,1999,Austin Powers: The Spy Who Shagged Me,Action|Adventure|Comedy
2694,Big Daddy (1999),Comedy,tt00142342,9032,3.1979166666666665,48,1999,Big Daddy,Comedy
1092,Basic Instinct (1992),Crime|Mystery|Thriller,tt00103772,402,3.1914893617021276,47,1992,Basic Instinct,Crime|Mystery|Thriller
7,Sabrina (1995),Comedy|Romance,tt00114319,11860,3.185185185185185,54,1995,Sabrina,Comedy|Romance
367,"Mask, The (1994)",Action|Comedy|Crime|Fantasy,tt00110475,854,3.1847133757961785,157,1994,"Mask, The",Action|Comedy|Crime|Fantasy
2001,Lethal Weapon 2 (1989),Action|Comedy|Crime|Drama,tt00097733,942,3.1808510638297873,47,1989,Lethal Weapon 2,Action|Comedy|Crime|Drama
2470,Crocodile Dundee (1986),Adventure|Comedy,tt00090555,9671,3.175438596491228,57,1986,Crocodile Dundee,Adventure|Comedy
5502,Signs (2002),Horror|Sci-Fi|Thriller,tt00286106,2675,3.1666666666666665,63,2002,Signs,Horror|Sci-Fi|Thriller
5378,Star Wars: Episode II - Attack of the Clones (2002),Action|Adventure|Sci-Fi|IMAX,tt00121765,1894,3.157608695652174,92,2002,Star Wars: Episode II - Attack of the Clones,Action|Adventure|Sci-Fi|IMAX
4447,Legally Blonde (2001),Comedy|Romance,tt00250494,8835,3.15625,64,2001,Legally Blonde,Comedy|Romance
6934,"Matrix Revolutions, The (2003)",Action|Adventure|Sci-Fi|Thriller|IMAX,tt00242653,605,3.151898734177215,79,2003,"Matrix Revolutions, The",Action|Adventure|Sci-Fi|Thriller|IMAX
34048,War of the Worlds (2005),Action|Adventure|Sci-Fi|Thriller,tt00407304,74,3.15,50,2005,War of the Worlds,Action|Adventure|Sci-Fi|Thriller
1320,Alien³ (a.k.a. Alien 3) (1992),Action|Horror|Sci-Fi|Thriller,tt00103644,8077,3.148936170212766,47,1992,Alien³ (a.k.a. Alien 3),Action|Horror|Sci-Fi|Thriller
48,Pocahontas (1995),Animation|Children|Drama|Musical|Romance,tt00114148,10530,3.1470588235294117,68,1995,Pocahontas,Animation|Children|Drama|Musical|Romance
1380,Grease (1978),Comedy|Musical|Romance,tt00077631,621,3.139705882352941,68,1978,Grease,Comedy|Musical|Romance
4018,What Women Want (2000),Comedy|Romance,tt00207201,3981,3.138888888888889,54,2000,What Women Want,Comedy|Romance
520,Robin Hood: Men in Tights (1993),Comedy,tt00107977,8005,3.130434782608696,69,1993,Robin Hood: Men in Tights,Comedy
45447,"Da Vinci Code, The (2006)",Drama|Mystery|Thriller,tt00382625,591,3.122448979591837,49,2006,"Da Vinci Code, The",Drama|Mystery|Thriller
2617,"Mummy, The (1999)",Action|Adventure|Comedy|Fantasy|Horror|Thriller,tt00120616,564,3.1206896551724137,87,1999,"Mummy, The",Action|Adventure|Comedy|Fantasy|Horror|Thriller
2424,You've Got Mail (1998),Comedy|Romance,tt00128853,9489,3.12,50,1998,You've Got Mail,Comedy|Romance
2100,Splash (1984),Comedy|Fantasy|Romance,tt00088161,2619,3.1176470588235294,51,1984,Splash,Comedy|Fantasy|Romance
786,Eraser (1996),Action|Drama|Thriller,tt00116213,9268,3.109375,64,1996,Eraser,Action|Drama|Thriller
2628,Star Wars: Episode I - The Phantom Menace (1999),Action|Adventure|Sci-Fi,tt00120915,1893,3.107142857142857,140,1999,Star Wars: Episode I - The Phantom Menace,Action|Adventure|Sci-Fi
410,Addams Family Values (1993),Children|Comedy|Fantasy,tt00106220,2758,3.1011904761904763,84,1993,Addams Family Values,Children|Comedy|Fantasy
2006,"Mask of Zorro, The (1998)",Action|Comedy|Romance,tt00120746,9342,3.1,60,1998,"Mask of Zorro, The",Action|Comedy|Romance
2539,Analyze This (1999),Comedy,tt00122933,9535,3.095744680851064,47,1999,Analyze This,Comedy
1391,Mars Attacks! (1996),Action|Comedy|Sci-Fi,tt00116996,75,3.0930232558139537,86,1996,Mars Attacks!,Action|Comedy|Sci-Fi
442,Demolition Man (1993),Action|Adventure|Sci-Fi,tt00106697,9739,3.0925925925925926,81,1993,Demolition Man,Action|Adventure|Sci-Fi
653,Dragonheart (1996),Action|Adventure|Fantasy,tt00116136,8840,3.0923076923076924,65,1996,Dragonheart,Action|Adventure|Fantasy
3752,"Me, Myself & Irene (2000)",Adventure|Comedy,tt00183505,2123,3.0869565217391304,46,2000,"Me, Myself & Irene",Adventure|Comedy
168,First Knight (1995),Action|Drama|Romance,tt00113071,6520,3.0833333333333335,54,1995,First Knight,Action|Drama|Romance
1367,101 Dalmatians (1996),Adventure|Children|Comedy,tt00115433,11674,3.074468085106383,47,1996,101 Dalmatians,Adventure|Children|Comedy
5,Father of the Bride Part II (1995),Comedy,tt00113041,11862,3.0714285714285716,49,1995,Father of the Bride Part II,Comedy
370,Naked Gun 33 1/3: The Final Insult (1994),Action|Comedy,tt00110622,36593,3.060344827586207,58,1994,Naked Gun 33 1/3: The Final Insult,Action|Comedy
231,Dumb & Dumber (Dumb and Dumber) (1994),Adventure|Comedy,tt00109686,8467,3.0601503759398496,133,1994,Dumb & Dumber (Dumb and Dumber),Adventure|Comedy
4025,Miss Congeniality (2000),Comedy|Crime,tt00212346,1493,3.0546875,64,2000,Miss Congeniality,Comedy|Crime
1917,Armageddon (1998),Action|Romance|Sci-Fi|Thriller,tt00120591,95,3.0543478260869565,92,1998,Armageddon,Action|Romance|Sci-Fi|Thriller
8361,"Day After Tomorrow, The (2004)",Action|Adventure|Drama|Sci-Fi|Thriller,tt00319262,435,3.05,50,2004,"Day After Tomorrow, The",Action|Adventure|Drama|Sci-Fi|Thriller
344,Ace Ventura: Pet Detective (1994),Comedy,tt00109040,3049,3.040372670807453,161,1994,Ace Ventura: Pet Detective,Comedy
185,"Net, The (1995)",Action|Crime|Thriller,tt00113957,1642,3.0401785714285716,112,1995,"Net, The",Action|Crime|Thriller
434,Cliffhanger (1993),Action|Adventure|Thriller,tt00106582,9350,3.0346534653465347,101,1993,Cliffhanger,Action|Adventure|Thriller
1552,Con Air (1997),Action|Adventure|Thriller,tt00118880,1701,3.0338983050847457,59,1997,Con Air,Action|Adventure|Thriller
1485,Liar Liar (1997),Comedy,tt00119528,1624,3.0337837837837838,74,1997,Liar Liar,Comedy
1377,Batman Returns (1992),Action|Crime,tt00103776,364,3.025,60,1992,Batman Returns,Action|Crime
95,Broken Arrow (1996),Action|Adventure|Thriller,tt00115759,9208,3.0238095238095237,84,1996,Broken Arrow,Action|Adventure|Thriller
2641,Superman II (1980),Action|Sci-Fi,tt00081573,8536,3.020408163265306,49,1980,Superman II,Action|Sci-Fi
30793,Charlie and the Chocolate Factory (2005),Adventure|Children|Comedy|Fantasy|IMAX,tt00367594,118,3.0,61,2005,Charlie and the Chocolate Factory,Adventure|Children|Comedy|Fantasy|IMAX
2717,Ghostbusters II (1989),Comedy|Fantasy|Sci-Fi,tt00097428,2978,3.0,47,1989,Ghostbusters II,Comedy|Fantasy|Sci-Fi
586,Home Alone (1990),Children|Comedy,tt00099785,771,2.9956896551724137,116,1990,Home Alone,Children|Comedy
5459,Men in Black II (a.k.a. MIIB) (a.k.a. MIB 2) (2002),Action|Comedy|Sci-Fi,tt00120912,608,2.959016393442623,61,2002,Men in Black II (a.k.a. MIIB) (a.k.a. MIB 2),Action|Comedy|Sci-Fi
2002,Lethal Weapon 3 (1992),Action|Comedy|Crime|Drama,tt00104714,943,2.9347826086956523,46,1992,Lethal Weapon 3,Action|Comedy|Crime|Drama
485,Last Action Hero (1993),Action|Adventure|Comedy|Fantasy,tt00107362,9593,2.9339622641509435,53,1993,Last Action Hero,Action|Adventure|Comedy|Fantasy
3785,Scary Movie (2000),Comedy|Horror,tt00175142,4247,2.92,50,2000,Scary Movie,Comedy|Horror
153,Batman Forever (1995),Action|Adventure|Comedy|Crime,tt00112462,414,2.9160583941605838,137,1995,Batman Forever,Action|Adventure|Comedy|Crime
208,Waterworld (1995),Action|Adventure|Sci-Fi,tt00114898,9804,2.9130434782608696,115,1995,Waterworld,Action|Adventure|Sci-Fi
160,Congo (1995),Action|Adventure|Mystery|Sci-Fi,tt00112715,10329,2.8771929824561404,57,1995,Congo,Action|Adventure|Mystery|Sci-Fi
466,Hot Shots! Part Deux (1993),Action|Comedy|War,tt00107144,9255,2.8666666666666667,60,1993,Hot Shots! Part Deux,Action|Comedy|War
5481,Austin Powers in Goldmember (2002),Comedy,tt00295178,818,2.8461538461538463,65,2002,Austin Powers in Goldmember,Comedy
186,Nine Months (1995),Comedy|Romance,tt00113986,11472,2.8229166666666665,48,1995,Nine Months,Comedy|Romance
2699,Arachnophobia (1990),Comedy|Horror,tt00099052,6488,2.811320754716981,53,1990,Arachnophobia,Comedy|Horror
158,Casper (1995),Adventure|Children,tt00112642,8839,2.806451612903226,62,1995,Casper,Adventure|Children
784,"Cable Guy, The (1996)",Comedy|Thriller,tt00115798,9894,2.8055555555555554,54,1996,"Cable Guy, The",Comedy|Thriller
2710,"Blair Witch Project, The (1999)",Drama|Horror|Thriller,tt00185937,2667,2.796875,64,1999,"Blair Witch Project, The",Drama|Horror|Thriller
2054,"Honey, I Shrunk the Kids (1989)",Adventure|Children|Comedy|Fantasy|Sci-Fi,tt00097523,9354,2.7573529411764706,68,1989,"Honey, I Shrunk the Kids",Adventure|Children|Comedy|Fantasy|Sci-Fi
1544,"Lost World: Jurassic Park, The (1997)",Action|Adventure|Sci-Fi|Thriller,tt00119567,330,2.753731343283582,67,1997,"Lost World: Jurassic Park, The",Action|Adventure|Sci-Fi|Thriller
4643,Planet of the Apes (2001),Action|Adventure|Drama|Sci-Fi,tt00133152,869,2.7448979591836733,49,2001,Planet of the Apes,Action|Adventure|Drama|Sci-Fi
788,"Nutty Professor, The (1996)",Comedy|Fantasy|Romance|Sci-Fi,tt00117218,9327,2.731707317073171,82,1996,"Nutty Professor, The",Comedy|Fantasy|Romance|Sci-Fi
19,Ace Ventura: When Nature Calls (1995),Comedy,tt00112281,9273,2.727272727272727,88,1995,Ace Ventura: When Nature Calls,Comedy
3977,Charlie's Angels (2000),Action|Comedy,tt00160127,4327,2.7222222222222223,72,2000,Charlie's Angels,Action|Comedy
420,Beverly Hills Cop III (1994),Action|Comedy|Crime|Thriller,tt00109254,306,2.7203389830508473,59,1994,Beverly Hills Cop III,Action|Comedy|Crime|Thriller
3623,Mission: Impossible II (2000),Action|Adventure|Thriller,tt00120755,955,2.7142857142857144,77,2000,Mission: Impossible II,Action|Adventure|Thriller
673,Space Jam (1996),Adventure|Animation|Children|Comedy|Fantasy|Sci-Fi,tt00117705,2300,2.707547169811321,53,1996,Space Jam,Adventure|Animation|Children|Comedy|Fantasy|Sci-Fi
172,Johnny Mnemonic (1995),Action|Sci-Fi|Thriller,tt00113481,9886,2.6792452830188678,53,1995,Johnny Mnemonic,Action|Sci-Fi|Thriller
173,Judge Dredd (1995),Action|Crime|Sci-Fi,tt00113492,9482,2.6693548387096775,62,1995,Judge Dredd,Action|Crime|Sci-Fi
432,City Slickers II: The Legend of Curly's Gold (1994),Adventure|Comedy|Western,tt00109439,11310,2.6454545454545455,55,1994,City Slickers II: The Legend of Curly's Gold,Adventure|Comedy|Western
44,Mortal Kombat (1995),Action|Adventure|Fantasy,tt00113855,9312,2.5434782608695654,46,1995,Mortal Kombat,Action|Adventure|Fantasy
435,Coneheads (1993),Comedy|Sci-Fi,tt00106598,9612,2.4206349206349205,63,1993,Coneheads,Comedy|Sci-Fi
2701,Wild Wild West (1999),Action|Comedy|Sci-Fi|Western,tt00120891,8487,2.207547169811321,53,1999,Wild Wild West,Action|Comedy|Sci-Fi|Western
